url,current_title,proposed_title,current_description,proposed_description
https://huzaifamasood30.github.io/gardencalc/mulch-calculator/,Mulch Calculator: How Much Mulch Do You Need?,Mulch Calculator: How Much Mulch Do You Need?,"Free mulch calculator: enter bed length, width and depth to get cubic feet, cubic yards, cubic metres and 2 cu ft bags instantly.","Free mulch calculator: enter bed length, width and depth to get cubic feet, cubic yards, cubic metres and 2 cu ft bags instantly."
https://huzaifamasood30.github.io/gardencalc/raised-bed-soil-calculator/,Raised Bed Soil Calculator: How Much Soil You Need,Raised Bed Soil Calculator: How Much Soil You Need,"Free raised bed soil calculator: enter bed length, width and fill depth to get cubic feet, cubic yards, cubic metres and bag counts.","Free raised bed soil calculator: enter bed length, width and fill depth to get cubic feet, cubic yards, cubic metres and bag counts."
https://huzaifamasood30.github.io/gardencalc/gravel-calculator/,Gravel Calculator: How Much Gravel Do You Need?,Gravel Calculator: How Much Gravel Do You Need?,"Free gravel calculator: enter length, width and depth to get cubic yards, cubic metres and tons for a path, drive or border in seconds.","Free gravel calculator: enter length, width and depth to get cubic yards, cubic metres and tons for a path, drive or border in seconds."
https://huzaifamasood30.github.io/gardencalc/paint-calculator/,Paint Calculator: How Much Paint Do You Need?,Paint Calculator: How Much Paint Do You Need?,"This calculator works out how much paint a room needs from its length, width and wall height, the number of coats, and the doors and windows to subtract.","This calculator works out how much paint a room needs from its length, width and wall height, the number of coats, and the doors and windows to subtract."
https://huzaifamasood30.github.io/gardencalc/tile-calculator/,Tile Calculator: How Many Tiles Do You Need?,Tile Calculator: How Many Tiles Do You Need?,"Free tile calculator: enter room and tile size with a waste allowance to get the exact tile count in seconds, including the cuts.","Free tile calculator: enter room and tile size with a waste allowance to get the exact tile count in seconds, including the cuts."
https://huzaifamasood30.github.io/gardencalc/grass-seed-calculator/,Grass Seed Calculator: How Much Seed You Need,Grass Seed Calculator: How Much Seed You Need,Free grass seed calculator: enter your lawn area and choose new lawn or overseeding to get the exact seed rate and bag counts.,Free grass seed calculator: enter your lawn area and choose new lawn or overseeding to get the exact seed rate and bag counts.
https://huzaifamasood30.github.io/gardencalc/concrete-calculator/,Concrete Calculator: Bags or Yards You Need,Concrete Calculator: Bags or Yards You Need,"This calculator works out how much concrete a slab needs from its length, width and thickness. It returns the volume in cubic yards and the number of 60.","This calculator works out how much concrete a slab needs from its length, width and thickness. It returns the volume in cubic yards and the number of 60."
https://huzaifamasood30.github.io/gardencalc/how-much-mulch-do-i-need-for-500-sq-ft/,How Much Mulch for 500 Sq Ft? Yards and Bags,How Much Mulch for 500 Sq Ft? Yards and Bags,500 sq ft at the standard 3 in depth needs 125 cubic feet of mulch: 4.63 cubic yards or 63 bags of 2-cubic-foot mulch. Free calculator.,500 sq ft at the standard 3 in depth needs 125 cubic feet of mulch: 4.63 cubic yards or 63 bags of 2-cubic-foot mulch. Free calculator.
https://huzaifamasood30.github.io/gardencalc/how-much-paint-do-i-need-for-a-bedroom/,How Much Paint for a Bedroom? Gallons by Size,How Much Paint for a Bedroom? Gallons by Size,"A 12x10 ft bedroom with 8 ft walls needs about 2 gallons for two coats, after one door and two windows. Free paint calculator.","A 12x10 ft bedroom with 8 ft walls needs about 2 gallons for two coats, after one door and two windows. Free paint calculator."
https://huzaifamasood30.github.io/gardencalc/how-many-tiles-do-i-need-for-a-10x10-room/,How Many Tiles for a 10x10 Room? Count by Size,How Many Tiles for a 10x10 Room? Count by Size,"A 10x10 room has 100 sq ft of floor. With 12x12 in tiles that is 100 tiles, or about 110 with the 10% waste allowance. Free calculator.","A 10x10 room has 100 sq ft of floor. With 12x12 in tiles that is 100 tiles, or about 110 with the 10% waste allowance. Free calculator."
https://huzaifamasood30.github.io/gardencalc/how-much-grass-seed-per-square-foot-overseeding/,How Much Grass Seed Per Square Foot to Overseed?,How Much Grass Seed Per Square Foot to Overseed?,"Overseeding uses about 2 pounds of grass seed per 1,000 square feet, which is 0.002 pounds per square foot. That is half the rate of a brand-new lawn.","Overseeding uses about 2 pounds of grass seed per 1,000 square feet, which is 0.002 pounds per square foot. That is half the rate of a brand-new lawn. Free calculator with the formula shown."
https://huzaifamasood30.github.io/gardencalc/how-many-bags-of-concrete-do-i-need-for-a-10x10-slab/,How Many Bags of Concrete for a 10x10 Slab?,How Many Bags of Concrete for a 10x10 Slab?,A 10x10 slab at 4 in thick needs about 1.23 cubic yards of concrete: 56 bags of 80 lb mix or 74 bags of 60 lb mix. Free calculator.,A 10x10 slab at 4 in thick needs about 1.23 cubic yards of concrete: 56 bags of 80 lb mix or 74 bags of 60 lb mix. Free calculator.
https://huzaifamasood30.github.io/gardencalc/how-much-mulch-do-i-need-for-300-square-feet/,How Much Mulch Do I Need for 300 Square Feet,How Much Mulch Do I Need for 300 Square Feet,300 sq ft at 3 in deep needs 75 cubic feet of mulch: about 2.78 cubic yards or 38 two-cubic-foot bags. Free mulch calculator.,300 sq ft at 3 in deep needs 75 cubic feet of mulch: about 2.78 cubic yards or 38 two-cubic-foot bags. Free mulch calculator.
https://huzaifamasood30.github.io/gardencalc/how-much-gravel-do-i-need-for-a-french-drain/,How Much Gravel Do I Need for a French Drain,How Much Gravel Do I Need for a French Drain,"To determine how much gravel you need for a French drain, multiply the length, width, and depth of your trench in feet, then divide by 27 to get the total.","To determine how much gravel you need for a French drain, multiply the length, width, and depth of your trench in feet, then divide by 27 to get the total. Free calculator with the formula shown."
https://huzaifamasood30.github.io/gardencalc/how-much-mulch-do-i-need-for-200-square-feet/,How Much Mulch Do I Need for 200 Square Feet,How Much Mulch Do I Need for 200 Square Feet,"To cover 200 square feet at a standard depth of 3 inches, you need approximately 50 cubic feet of mulch. This equates to 1.85 cubic yards or 25 standard.","To cover 200 square feet at a standard depth of 3 inches, you need approximately 50 cubic feet of mulch. This equates to 1.85 cubic yards or 25 standard. Free calculator with the formula shown."
https://huzaifamasood30.github.io/gardencalc/how-much-gravel-do-i-need-for-a-20x20-area/,How Much Gravel Do I Need for a 20x20 Area,How Much Gravel Do I Need for a 20x20 Area,"A 20x20 area at 3 in deep needs about 3.70 cubic yards of gravel, roughly 5.2 tons. Free calculator shows the formula and bag counts.","A 20x20 area at 3 in deep needs about 3.70 cubic yards of gravel, roughly 5.2 tons. Free calculator shows the formula and bag counts."
https://huzaifamasood30.github.io/gardencalc/how-much-paint-do-i-need-for-a-10x10-room/,How Much Paint Do I Need for a 10x10 Room,How Much Paint Do I Need for a 10x10 Room,"A 10x10 room with 8 ft walls needs about 2 gallons of paint for two coats, allowing for a door and a window. Free calculator with the formula.","A 10x10 room with 8 ft walls needs about 2 gallons of paint for two coats, allowing for a door and a window. Free calculator with the formula."
https://huzaifamasood30.github.io/gardencalc/how-much-grass-seed-per-square-foot-for-new-lawn/,How Much Grass Seed Per Square Foot for New Lawn,How Much Grass Seed Per Square Foot for New Lawn,"For a new lawn, you should apply between 4 and 5 pounds of grass seed per 1000 square feet. This ensures enough density to crowd out weeds while giving.","For a new lawn, you should apply between 4 and 5 pounds of grass seed per 1000 square feet. This ensures enough density to crowd out weeds while giving. Free calculator with the formula shown."
https://huzaifamasood30.github.io/gardencalc/how-many-bags-of-concrete-do-i-need-for-a-4x8-slab/,How Many Bags of Concrete for a 4x8 Slab?,How Many Bags of Concrete for a 4x8 Slab?,"A 4x8 slab at 4 in thick needs 18 bags of 80 lb concrete or 24 bags of 60 lb mix, about 0.40 cubic yards. Free calculator with the formula.","A 4x8 slab at 4 in thick needs 18 bags of 80 lb concrete or 24 bags of 60 lb mix, about 0.40 cubic yards. Free calculator with the formula."
https://huzaifamasood30.github.io/gardencalc/topsoil-calculator/,How Much Topsoil Do I Need: Free Calculator & Guide,How Much Topsoil Do I Need (Free),"To determine how much topsoil you need, multiply the length of your area by the width to find the square footage, then multiply that by your desired depth.","To determine how much topsoil you need, multiply the length of your area by the width to find the square footage, then multiply that by your desired depth. Free calculator with the formula shown."
https://huzaifamasood30.github.io/gardencalc/fertilizer-calculator/,"Fertilizer Calculator: How Much per 1,000 Sq Ft?","Fertilizer Calculator: How Much per 1,000 Sq Ft?","To determine how much fertilizer per 1000 sq ft you need, divide the desired nitrogen rate by the percentage of nitrogen in your bag and multiply by 100.","To determine how much fertilizer per 1000 sq ft you need, divide the desired nitrogen rate by the percentage of nitrogen in your bag and multiply by 100. Free calculator with the formula shown."
https://huzaifamasood30.github.io/gardencalc/how-much-mulch-do-i-need-for-400-square-feet/,How Much Mulch Do I Need for 400 Square Feet,How Much Mulch Do I Need for 400 Square Feet,400 sq ft at 3 in deep needs 100 cubic feet of mulch: about 3.70 cubic yards or 50 two-cubic-foot bags. Free calculator shows the formula.,400 sq ft at 3 in deep needs 100 cubic feet of mulch: about 3.70 cubic yards or 50 two-cubic-foot bags. Free calculator shows the formula.
https://huzaifamasood30.github.io/gardencalc/how-much-soil-for-a-4x8-raised-bed/,How Much Soil for a 4x8 Raised Bed: Calculator,How Much Soil for a 4x8 Raised Bed: Calculator,"To fill a standard 4x8 raised bed that is 12 inches deep, you need 32 cubic feet of soil. This volume is equivalent to approximately 1.2 cubic yards or 22.","To fill a standard 4x8 raised bed that is 12 inches deep, you need 32 cubic feet of soil. This volume is equivalent to approximately 1.2 cubic yards or 22. Free calculator with the formula shown."
https://huzaifamasood30.github.io/gardencalc/how-much-gravel-do-i-need-per-square-metre/,How Much Gravel Do I Need Per Square Metre,How Much Gravel Do I Need Per Square Metre,"To determine how much gravel you need per square metre, multiply the area in square metres by the desired depth in metres to find the volume in cubic metres.","To determine how much gravel you need per square metre, multiply the area in square metres by the desired depth in metres to find the volume in cubic metres. Free calculator with the formula shown."
https://huzaifamasood30.github.io/gardencalc/how-much-paint-do-i-need-for-a-front-door/,How Much Paint Do I Need for a Front Door,How Much Paint Do I Need for a Front Door,"A front door needs about one quart of paint for two coats, covering both sides. Free calculator gives the exact amount for your door.","A front door needs about one quart of paint for two coats, covering both sides. Free calculator gives the exact amount for your door."
https://huzaifamasood30.github.io/gardencalc/how-many-tiles-do-i-need-for-100-square-feet/,How Many Tiles Do I Need for 100 Square Feet,How Many Tiles Do I Need for 100 Square Feet,"To determine how many tiles you need for 100 square feet, you must divide the total square footage of your floor by the square footage of a single tile.","To determine how many tiles you need for 100 square feet, you must divide the total square footage of your floor by the square footage of a single tile. Free calculator with the formula shown."
https://huzaifamasood30.github.io/gardencalc/how-much-paint-do-i-need-for-a-12x12-room/,How Much Paint Do I Need for a 12x12 Room,How Much Paint Do I Need for a 12x12 Room,"A 12x12 room with 8 ft walls needs about 3 gallons of paint for two coats, allowing for one door and two windows. Free paint calculator.","A 12x12 room with 8 ft walls needs about 3 gallons of paint for two coats, allowing for one door and two windows. Free paint calculator."
https://huzaifamasood30.github.io/gardencalc/how-many-tiles-do-i-need-for-my-bathroom/,How Many Tiles Do I Need for My Bathroom,How Many Tiles Do I Need for My Bathroom,Add 10% for cuts to your bathroom floor and walls. A 50 sq ft floor at 10% waste needs about 55 sq ft of tile. Free calculator.,Add 10% for cuts to your bathroom floor and walls. A 50 sq ft floor at 10% waste needs about 55 sq ft of tile. Free calculator.
https://huzaifamasood30.github.io/gardencalc/how-many-bags-of-concrete-do-i-need-for-a-4x4-slab/,How Many Bags of Concrete Do I Need for a 4x4 Slab,How Many Bags of Concrete Do I Need for a 4x4 Slab,"To determine how many bags of concrete you need for a 4x4 slab at 4 inches thick, you will need 9 bags of 80 lb concrete or 12 bags of 60 lb concrete.","To determine how many bags of concrete you need for a 4x4 slab at 4 inches thick, you will need 9 bags of 80 lb concrete or 12 bags of 60 lb concrete. Free calculator with the formula shown."
https://huzaifamasood30.github.io/gardencalc/how-much-mulch-do-i-need-for-1000-square-feet/,How Much Mulch Do I Need for 1000 Square Feet,How Much Mulch Do I Need for 1000 Square Feet,"1000 sq ft at 3 in deep needs about 9.26 cubic yards of mulch, or 250 cubic feet. Free calculator shows the formula and bag counts.","1000 sq ft at 3 in deep needs about 9.26 cubic yards of mulch, or 250 cubic feet. Free calculator shows the formula and bag counts."
https://huzaifamasood30.github.io/gardencalc/how-much-potting-soil-for-a-raised-bed/,How Much Potting Soil for a Raised Bed,How Much Potting Soil for a Raised Bed,Fill a raised bed with about 1 part compost to 2 parts topsoil. A 4x8 bed at 6 in deep needs 16 cubic feet. Free calculator included.,Fill a raised bed with about 1 part compost to 2 parts topsoil. A 4x8 bed at 6 in deep needs 16 cubic feet. Free calculator included.
https://huzaifamasood30.github.io/gardencalc/how-much-gravel-do-i-need-for-a-10x12-shed/,How Much Gravel Do I Need for a 10x12 Shed,How Much Gravel Do I Need for a 10x12 Shed,"A 10x12 shed base at 3 in deep needs about 3.33 cubic yards of gravel, roughly 4.5 tons. Free calculator shows the formula and bag counts.","A 10x12 shed base at 3 in deep needs about 3.33 cubic yards of gravel, roughly 4.5 tons. Free calculator shows the formula and bag counts."
https://huzaifamasood30.github.io/gardencalc/how-many-tiles-do-i-need-for-20-square-feet/,How Many Tiles Do I Need for 20 Square Feet,How Many Tiles Do I Need for 20 Square Feet,"To determine how many tiles you need for 20 square feet, you must first divide 20 by the square footage of a single tile and then add a percentage for waste.","To determine how many tiles you need for 20 square feet, you must first divide 20 by the square footage of a single tile and then add a percentage for waste. Free calculator with the formula shown."
https://huzaifamasood30.github.io/gardencalc/how-much-buffalo-grass-seed-per-square-foot/,How Much Buffalo Grass Seed Per Square Foot,How Much Buffalo Grass Seed Per Square Foot,"Buffalo grass needs about 4.5 lb of seed per 1,000 sq ft for a new lawn, and half that to overseed. Free grass seed calculator.","Buffalo grass needs about 4.5 lb of seed per 1,000 sq ft for a new lawn, and half that to overseed. Free grass seed calculator."
https://huzaifamasood30.github.io/gardencalc/how-much-liquid-fertilizer-per-1000-sq-ft/,"How Much Liquid Fertilizer per 1,000 Sq Ft?","How Much Liquid Fertilizer per 1,000 Sq Ft?","Liquid fertilizer per 1,000 sq ft depends on the label. Mix to the manufacturer's rate, then measure the area first. Free calculator.","Liquid fertilizer per 1,000 sq ft depends on the label. Mix to the manufacturer's rate, then measure the area first. Free calculator."
https://huzaifamasood30.github.io/gardencalc/how-many-bags-of-concrete-do-i-need-for-a-fence-post/,How Many Bags of Concrete Do I Need for a Fence Post,How Many Bags of Concrete Do I Need for a Fence Post,"For a fence post, multiply the hole volume by the number of posts, then divide by your bag size's yield. Free calculator with the formula.","For a fence post, multiply the hole volume by the number of posts, then divide by your bag size's yield. Free calculator with the formula."
https://huzaifamasood30.github.io/gardencalc/how-much-soil-for-a-4x2x1-raised-garden-bed/,How Much Soil for a 4x2x1 Raised Garden Bed,How Much Soil for a 4x2x1 Raised Garden Bed,"A 4x2x1 raised garden bed holds 8 cubic feet of soil. That is about 0.30 cubic yards, or five 1.5-cubic-foot bags. Free calculator shows the formula.","A 4x2x1 raised garden bed holds 8 cubic feet of soil. That is about 0.30 cubic yards, or five 1.5-cubic-foot bags. Free calculator shows the formula."
https://huzaifamasood30.github.io/gardencalc/how-much-paint-do-i-need-for-a-room/,How Much Paint for a Room: Calculator & Guide,How Much Paint for a Room: Calculator,"Measure your wall area, divide by about 350 square feet per gallon, then multiply by the number of coats. Free calculator shows gallons for any room.","Measure your wall area, divide by about 350 square feet per gallon, then multiply by the number of coats. Free calculator shows gallons for any room."
https://huzaifamasood30.github.io/gardencalc/how-many-tiles-do-i-need-for-120-square-feet/,How Many Tiles Do I Need for 120 Square Feet,How Many Tiles Do I Need for 120 Square Feet,"For 120 sq ft of floor, add 10% to 20% for cuts. With 12x12 in tiles that is about 120 tiles, or 132 once waste is added. Free calculator.","For 120 sq ft of floor, add 10% to 20% for cuts. With 12x12 in tiles that is about 120 tiles, or 132 once waste is added. Free calculator."
https://huzaifamasood30.github.io/gardencalc/how-much-bermuda-grass-seed-per-square-foot/,How Much Bermuda Grass Seed Per Square Foot,How Much Bermuda Grass Seed Per Square Foot,"For a new lawn, you should use between 4 and 5 pounds of Bermuda grass seed per 1,000 square feet. If you are overseeding an existing lawn, use 2 pounds.","For a new lawn, you should use between 4 and 5 pounds of Bermuda grass seed per 1,000 square feet. If you are overseeding an existing lawn, use 2 pounds. Free calculator with the formula shown."
https://huzaifamasood30.github.io/gardencalc/how-much-nitrogen-fertilizer-per-1000-sq-ft/,"How Much Nitrogen Fertilizer per 1,000 Sq Ft?","How Much Nitrogen Fertilizer per 1,000 Sq Ft?","Apply 1 lb of actual nitrogen per 1,000 sq ft per feeding. Divide by your bag's nitrogen ratio to get the product rate. Free calculator.","Apply 1 lb of actual nitrogen per 1,000 sq ft per feeding. Divide by your bag's nitrogen ratio to get the product rate. Free calculator."
https://huzaifamasood30.github.io/gardencalc/how-many-bags-of-concrete-do-i-need-for-a-10x12-slab/,How Many Bags of Concrete Do I Need for a 10x12 Slab,How Many Bags of Concrete Do I Need for a 10x12 Slab,"A 10x12 slab at 4 in thick needs about 67 bags of 80 lb concrete or 89 bags of 60 lb mix, roughly 1.48 cubic yards. Free calculator.","A 10x12 slab at 4 in thick needs about 67 bags of 80 lb concrete or 89 bags of 60 lb mix, roughly 1.48 cubic yards. Free calculator."
https://huzaifamasood30.github.io/gardencalc/how-much-topsoil-do-i-need-for-a-new-lawn/,How Much Topsoil Do I Need for a New Lawn,How Much Topsoil Do I Need for a New Lawn,"For a new lawn, multiply the area by the topsoil depth in feet to get cubic feet, then divide by 27 for cubic yards. Free calculator.","For a new lawn, multiply the area by the topsoil depth in feet to get cubic feet, then divide by 27 for cubic yards. Free calculator."
https://huzaifamasood30.github.io/gardencalc/how-much-mulch-do-i-need-for-600-square-feet/,How Much Mulch Do I Need for 600 Square Feet,How Much Mulch Do I Need for 600 Square Feet,600 sq ft at 3 in deep needs 150 cubic feet of mulch: about 5.56 cubic yards or 75 two-cubic-foot bags. Free mulch calculator.,600 sq ft at 3 in deep needs 150 cubic feet of mulch: about 5.56 cubic yards or 75 two-cubic-foot bags. Free mulch calculator.
https://huzaifamasood30.github.io/gardencalc/how-much-soil-do-i-need-for-a-raised-bed/,How Much Soil Do I Need for a Raised Bed,How Much Soil Do I Need for a Raised Bed,"Multiply length by width by depth in feet to get soil volume, then divide by 27 for cubic yards. Free raised bed soil calculator.","Multiply length by width by depth in feet to get soil volume, then divide by 27 for cubic yards. Free raised bed soil calculator."
https://huzaifamasood30.github.io/gardencalc/how-much-gravel-do-i-need-for-my-walkway/,How Much Gravel Do I Need for My Walkway,How Much Gravel Do I Need for My Walkway,"To determine how much gravel you need for your walkway, multiply the length by the width to find the square footage, then multiply by your desired depth.","To determine how much gravel you need for your walkway, multiply the length by the width to find the square footage, then multiply by your desired depth. Free calculator with the formula shown."
https://huzaifamasood30.github.io/gardencalc/how-much-paint-do-i-need-for-a-12x16-shed/,How Much Paint Do I Need for a 12x16 Shed,How Much Paint Do I Need for a 12x16 Shed,A 12x16 shed with 8 ft walls needs about 3 to 4 gallons of exterior paint for two coats. Free paint calculator shows the formula.,A 12x16 shed with 8 ft walls needs about 3 to 4 gallons of exterior paint for two coats. Free paint calculator shows the formula.
https://huzaifamasood30.github.io/gardencalc/how-much-starter-fertilizer-per-1000-sq-ft/,"How Much Starter Fertilizer per 1,000 Sq Ft?","How Much Starter Fertilizer per 1,000 Sq Ft?","Starter fertilizer is applied at 3 to 5 lb per 1,000 sq ft. Check your bag's nitrogen ratio and follow the label. Free calculator.","Starter fertilizer is applied at 3 to 5 lb per 1,000 sq ft. Check your bag's nitrogen ratio and follow the label. Free calculator."
https://huzaifamasood30.github.io/gardencalc/how-many-bags-of-concrete-do-i-need-for-a-20x20-slab/,How Many Bags of Concrete Do I Need for a 20x20 Slab,How Many Bags of Concrete Do I Need for a 20x20 Slab,"To calculate how many bags of concrete you need for a 20x20 slab at 4 inches thick, you will need 223 bags of 80 lb concrete or 297 bags of 60 lb concrete.","To calculate how many bags of concrete you need for a 20x20 slab at 4 inches thick, you will need 223 bags of 80 lb concrete or 297 bags of 60 lb concrete."
https://huzaifamasood30.github.io/gardencalc/how-much-topsoil-do-i-need-for-a-garden-bed/,How Much Topsoil Do I Need for a Garden Bed,How Much Topsoil Do I Need for a Garden Bed,"To determine how much topsoil you need for a garden bed, multiply the length by the width by the desired depth in feet to find your total cubic footage.","To determine how much topsoil you need for a garden bed, multiply the length by the width by the desired depth in feet to find your total cubic footage. Free calculator with the formula shown."
https://huzaifamasood30.github.io/gardencalc/how-much-mulch-do-i-need-for-32-square-feet/,How Much Mulch Do I Need for 32 Square Feet,How Much Mulch Do I Need for 32 Square Feet,"To cover 32 square feet at the standard 3-inch depth, you need 8 cubic feet of organic material, which equals five 2-cubic-foot bags or about 0.3 cubic yards.","To cover 32 square feet at the standard 3-inch depth, you need 8 cubic feet of organic material, which equals five 2-cubic-foot bags or about 0.3 cubic yards. Free calculator with the formula shown."
https://huzaifamasood30.github.io/gardencalc/how-much-gravel-do-i-need-for-a-driveway/,How Much Gravel Do I Need for a Driveway,How Much Gravel Do I Need for a Driveway,"A 12x20 ft driveway at 4 in deep needs about 3 cubic yards of gravel, roughly 4 tons. Free calculator shows the formula and bag counts.","A 12x20 ft driveway at 4 in deep needs about 3 cubic yards of gravel, roughly 4 tons. Free calculator shows the formula and bag counts."
https://huzaifamasood30.github.io/gardencalc/how-much-paint-do-i-need-for-1800-sq-ft-house/,How Much Paint for an 1800 Sq Ft House?,How Much Paint for an 1800 Sq Ft House?,"To determine how much paint you need for an 1800 sq ft house, you should plan for approximately 18 to 20 gallons for a standard two-coat interior project.","To determine how much paint you need for an 1800 sq ft house, you should plan for approximately 18 to 20 gallons for a standard two-coat interior project. Free calculator with the formula shown."
https://huzaifamasood30.github.io/gardencalc/how-much-grass-seed-do-i-need-per-square-foot/,How Much Grass Seed Do I Need Per Square Foot,How Much Grass Seed Do I Need Per Square Foot,"New lawns need 4 to 5 lb of grass seed per 1,000 sq ft; overseeding needs about 2 lb. Free calculator for your exact lawn area.","New lawns need 4 to 5 lb of grass seed per 1,000 sq ft; overseeding needs about 2 lb. Free calculator for your exact lawn area."
https://huzaifamasood30.github.io/gardencalc/how-many-bags-of-concrete-do-i-need-for-a-8x8-slab/,How Many Bags of Concrete Do I Need for a 8x8 Slab,How Many Bags of Concrete Do I Need for a 8x8 Slab,"To determine how many bags of concrete you need for an 8x8 slab at 4 inches thick, you will require 36 bags if using 80 lb bags or 48 bags if using 60 lb.","To determine how many bags of concrete you need for an 8x8 slab at 4 inches thick, you will require 36 bags if using 80 lb bags or 48 bags if using 60 lb. Free calculator with the formula shown."
https://huzaifamasood30.github.io/gardencalc/how-much-topsoil-do-i-need-for-my-raised-garden-bed/,How Much Topsoil Do I Need for My Raised Garden Bed,How Much Topsoil Do I Need for My Raised Garden Bed,"A 4x8 bed filled 6 in deep needs 16 cubic feet of topsoil, about 12 bags. Free calculator shows the formula and bag counts.","A 4x8 bed filled 6 in deep needs 16 cubic feet of topsoil, about 12 bags. Free calculator shows the formula and bag counts."
https://huzaifamasood30.github.io/gardencalc/how-much-mulch-do-i-need-for-a-flower-bed/,How Much Mulch Do I Need for a Flower Bed,How Much Mulch Do I Need for a Flower Bed,"A 3 in mulch layer over 100 sq ft of flower bed needs 25 cubic feet, about 0.93 cubic yards. Free calculator with the formula shown.","A 3 in mulch layer over 100 sq ft of flower bed needs 25 cubic feet, about 0.93 cubic yards. Free calculator with the formula shown."
https://huzaifamasood30.github.io/gardencalc/how-much-gravel-do-i-need-for-a-10x10-patio/,How Much Gravel Do I Need for a 10x10 Patio,How Much Gravel Do I Need for a 10x10 Patio,"A 10x10 patio at 3 inches deep needs about 0.93 cubic yards of gravel, which weighs roughly 1.3 tons. Free calculator shows cubic yards and tons.","A 10x10 patio at 3 inches deep needs about 0.93 cubic yards of gravel, which weighs roughly 1.3 tons. Free calculator shows cubic yards and tons."
https://huzaifamasood30.github.io/gardencalc/how-many-tiles-do-i-need-for-a-4x4-room/,How Many Tiles Do I Need for a 4x4 Room,How Many Tiles Do I Need for a 4x4 Room,"A 4x4 room has 16 sq ft of floor. With 12x12 in tiles that is 16 tiles, or about 18 once you add the 10% waste allowance. Free calculator.","A 4x4 room has 16 sq ft of floor. With 12x12 in tiles that is 16 tiles, or about 18 once you add the 10% waste allowance. Free calculator."
https://huzaifamasood30.github.io/gardencalc/how-much-bermuda-grass-seed-per-1000-square-feet/,How Much Bermuda Grass Seed Per 1000 Square Feet,How Much Bermuda Grass Seed Per 1000 Square Feet,"Sow 4 to 5 lb of Bermuda grass seed per 1,000 sq ft on bare soil; overseeding needs about half that. Free grass seed calculator.","Sow 4 to 5 lb of Bermuda grass seed per 1,000 sq ft on bare soil; overseeding needs about half that. Free grass seed calculator."
https://huzaifamasood30.github.io/gardencalc/how-many-pounds-of-fertilizer-per-1000-sq-ft/,"How Many Pounds of Fertilizer per 1,000 Sq Ft?","How Many Pounds of Fertilizer per 1,000 Sq Ft?","Fertilizer per 1,000 sq ft depends on your bag's nitrogen ratio and target rate. Aim for 1 lb of nitrogen per 1,000 sq ft. Free calculator.","Fertilizer per 1,000 sq ft depends on your bag's nitrogen ratio and target rate. Aim for 1 lb of nitrogen per 1,000 sq ft. Free calculator."
https://huzaifamasood30.github.io/gardencalc/how-many-bags-of-concrete-do-i-need-for-a-12x12-slab/,How Many Bags of Concrete Do I Need for a 12x12 Slab,How Many Bags of Concrete Do I Need for a 12x12 Slab,"A 12x12 slab at 4 in thick needs 80 bags of 80 lb concrete or 107 bags of 60 lb mix, about 1.78 cubic yards. Free calculator.","A 12x12 slab at 4 in thick needs 80 bags of 80 lb concrete or 107 bags of 60 lb mix, about 1.78 cubic yards. Free calculator."
https://huzaifamasood30.github.io/gardencalc/how-to-calculate-how-much-soil-for-raised-bed/,How to Calculate How Much Soil for Raised Bed,How to Calculate How Much Soil for Raised Bed,"Work out raised bed soil in three steps: measure the bed, multiply length by width by depth, then divide by 27 for cubic yards. Free calculator.","Work out raised bed soil in three steps: measure the bed, multiply length by width by depth, then divide by 27 for cubic yards. Free calculator."
https://huzaifamasood30.github.io/gardencalc/how-much-mulch-do-i-need-for-my-yard/,How Much Mulch Do I Need for My Yard: Calculator & Guide,How Much Mulch Do I Need for My Yard: Calculator,"To determine how much mulch you need for your yard, calculate the total square footage of your beds and multiply it by your desired depth in feet.","To determine how much mulch you need for your yard, calculate the total square footage of your beds and multiply it by your desired depth in feet."
https://huzaifamasood30.github.io/gardencalc/how-much-gravel-do-i-need-for-a-backfill-retaining-wall/,How Much Gravel Do I Need for a Backfill Retaining Wall,How Much Gravel Do I Need for a Backfill Retaining Wall,"To determine how much gravel you need for a backfill retaining wall, multiply the length, width, and depth of the drainage trench behind the wall to find.","To determine how much gravel you need for a backfill retaining wall, multiply the length, width, and depth of the drainage trench behind the wall to find. Free calculator with the formula shown."
https://huzaifamasood30.github.io/gardencalc/how-much-paint-do-i-need-for-a-small-bathroom/,How Much Paint Do I Need for a Small Bathroom,How Much Paint Do I Need for a Small Bathroom,A standard small bathroom needs about one gallon of paint for two coats. Larger rooms or a big colour change need more. Free painter's calculator included.,A standard small bathroom needs about one gallon of paint for two coats. Larger rooms or a big colour change need more. Free painter's calculator included.
https://huzaifamasood30.github.io/gardencalc/how-many-tiles-do-i-need-for-a-room/,How Many Tiles Do I Need for a Room: Calculator & Guide,How Many Tiles Do I Need for a Room: Calculator,"To determine how many tiles you need for a room, calculate the total square footage of your floor or wall area and add 10% to 20% for waste.","To determine how many tiles you need for a room, calculate the total square footage of your floor or wall area and add 10% to 20% for waste."
https://huzaifamasood30.github.io/gardencalc/how-many-pounds-of-bermuda-grass-seed-per-square-foot/,How Many Pounds of Bermuda Grass Seed Per Square Foot,How Many Pounds of Bermuda Grass Seed Per Square Foot,"For a new lawn, you should use between 4 and 5 pounds of Bermuda grass seed per 1,000 square feet. This translates to approximately 0.004 to 0.005 pounds.","For a new lawn, you should use between 4 and 5 pounds of Bermuda grass seed per 1,000 square feet. This translates to approximately 0.004 to 0.005 pounds. Free calculator with the formula shown."
https://huzaifamasood30.github.io/gardencalc/,,Home & Garden Calculators: Free & Instant | GardenCalc,,"Free home and garden calculators for mulch, soil, gravel, paint, tile, seed and concrete. Instant answers that show the formula used."
https://huzaifamasood30.github.io/gardencalc/mulch-coverage-chart/,Mulch Coverage Chart: Bags & Yards by Area and Depth,Mulch Coverage Chart: Bags & Yards by Area and Depth,"How much mulch you need by area and depth: cubic feet, cubic yards and 2 cu ft bags for 100-1,000 sq ft at 2, 3 and 4 inches deep.","How much mulch you need by area and depth: cubic feet, cubic yards and 2 cu ft bags for 100-1,000 sq ft at 2, 3 and 4 inches deep. Free calculator with the formula shown."
https://huzaifamasood30.github.io/gardencalc/concrete-bags-by-slab-size-chart/,"Concrete Bags by Slab Size Chart (40, 60 & 80 lb)","Concrete Bags by Slab Size Chart (40, 60 & 80 lb)","Bags of concrete for common slab sizes at 4 in thick: 4x4 to 20x20 ft, with cubic feet, yards and 40, 60 and 80 lb bag counts.","Bags of concrete for common slab sizes at 4 in thick: 4x4 to 20x20 ft, with cubic feet, yards and 40, 60 and 80 lb bag counts. Free calculator with the formula shown."
https://huzaifamasood30.github.io/gardencalc/raised-bed-soil-chart/,Raised Bed Soil Chart: Bags & Yards by Bed Size,Raised Bed Soil Chart: Bags & Yards by Bed Size,"Soil needed for raised beds from 4x4 to 4x12 ft at 6 to 12 in deep, in cubic feet, cubic yards and 1.5 cu ft bags.","Soil needed for raised beds from 4x4 to 4x12 ft at 6 to 12 in deep, in cubic feet, cubic yards and 1.5 cu ft bags. Free calculator with the formula shown."
https://huzaifamasood30.github.io/gardencalc/gravel-coverage-chart/,Gravel Coverage Chart: Yards & Tons by Area and Depth,Gravel Coverage Chart: Yards & Tons by Area and Depth,"Gravel needed by area and depth in cubic yards and tons, with light (1.2 t/yd³) and heavy (1.5 t/yd³) weight ranges.","Gravel needed by area and depth in cubic yards and tons, with light (1.2 t/yd³) and heavy (1.5 t/yd³) weight ranges. Free calculator with the formula shown."
https://huzaifamasood30.github.io/gardencalc/paint-coverage-chart/,"Paint Coverage Chart: Gallons per Room, 1 or 2 Coats","Paint Coverage Chart: Gallons per Room, 1 or 2 Coats","Gallons of paint per room size for one and two coats at about 350 sq ft per gallon, deducting a door and two windows.","Gallons of paint per room size for one and two coats at about 350 sq ft per gallon, deducting a door and two windows. Free calculator with the formula shown."
https://huzaifamasood30.github.io/gardencalc/tile-quantity-chart/,Tile Quantity Chart: How Many Tiles by Room and Size,Tile Quantity Chart: How Many Tiles by Room and Size,"How many tiles for common rooms and tile sizes, with a 10% waste allowance for cuts and breakage built in.","How many tiles for common rooms and tile sizes, with a 10% waste allowance for cuts and breakage built in. Free calculator with the formula shown."
https://huzaifamasood30.github.io/gardencalc/grass-seed-rate-chart/,"Grass Seed Rate Chart: Pounds per 1,000 Sq Ft","Grass Seed Rate Chart: Pounds per 1,000 Sq Ft","Pounds of grass seed for lawns of 1,000 to 10,000 sq ft for new lawns and overseeding, with 3 lb bag counts.","Pounds of grass seed for lawns of 1,000 to 10,000 sq ft for new lawns and overseeding, with 3 lb bag counts. Free calculator with the formula shown."
https://huzaifamasood30.github.io/gardencalc/fertilizer-rate-chart/,"Fertilizer Rate Chart: Pounds of Fertilizer per 1,000 Sq Ft","Fertilizer Rate Chart: Pounds of Fertilizer per 1,000 Sq Ft","Fertilizer needed for lawns of 1,000 to 10,000 sq ft at 0.5 and 1.0 lb of nitrogen per 1,000 sq ft, with 40 lb bag counts.","Fertilizer needed for lawns of 1,000 to 10,000 sq ft at 0.5 and 1.0 lb of nitrogen per 1,000 sq ft, with 40 lb bag counts. Free calculator with the formula shown."
https://huzaifamasood30.github.io/gardencalc/new-lawn-planner/,"New Lawn Planner: Topsoil, Seed & Fertilizer","New Lawn Planner: Topsoil, Seed & Fertilizer","A shopping list for a new lawn: topsoil, grass seed and starter fertilizer for 500-10,000 sq ft, with bags and cubic yards.","A shopping list for a new lawn: topsoil, grass seed and starter fertilizer for 500-10,000 sq ft, with bags and cubic yards. Free calculator with the formula shown."
https://huzaifamasood30.github.io/gardencalc/raised-garden-bed-planner/,"Raised Garden Bed Planner: Soil, Mulch & Gravel","Raised Garden Bed Planner: Soil, Mulch & Gravel","A materials list for a raised bed: soil to fill it, mulch to top it off and gravel for drainage, for 4x4, 4x8 and 4x12 beds.","A materials list for a raised bed: soil to fill it, mulch to top it off and gravel for drainage, for 4x4, 4x8 and 4x12 beds. Free calculator with the formula shown."
https://huzaifamasood30.github.io/gardencalc/patio-base-planner/,"Patio Base Planner: Gravel, Sand & Paver Count","Patio Base Planner: Gravel, Sand & Paver Count","Plan a paver patio base: 4 in of gravel, 1 in of bedding sand and the number of 12x12 pavers for 8x8 to 12x16 ft patios.","Plan a paver patio base: 4 in of gravel, 1 in of bedding sand and the number of 12x12 pavers for 8x8 to 12x16 ft patios. Free calculator with the formula shown."
https://huzaifamasood30.github.io/gardencalc/garden-bed-makeover-planner/,Garden Bed Makeover Planner: Soil & Mulch,Garden Bed Makeover Planner: Soil & Mulch,"Refresh a tired bed: how much soil to top up and mulch to cover, in bags, cubic feet and cubic yards for beds up to 6x6 ft.","Refresh a tired bed: how much soil to top up and mulch to cover, in bags, cubic feet and cubic yards for beds up to 6x6 ft. Free calculator with the formula shown."
https://huzaifamasood30.github.io/gardencalc/when-to-mulch/,When to Mulch: The Best Time of Year for Beds,When to Mulch: The Best Time of Year for Beds,"The best time to mulch is mid-to-late spring once the soil has warmed, with a second pass in autumn. How deep, and what to avoid.","The best time to mulch is mid-to-late spring once the soil has warmed, with a second pass in autumn. How deep, and what to avoid. Free calculator with the formula shown."
https://huzaifamasood30.github.io/gardencalc/when-to-overseed-a-lawn/,When to Overseed a Lawn: Best Time and Seed Rate,When to Overseed a Lawn: Best Time and Seed Rate,"Overseed cool-season lawns in late summer to early autumn, about 4-6 weeks before the first frost. Timing, seed rate and follow-up.","Overseed cool-season lawns in late summer to early autumn, about 4-6 weeks before the first frost. Timing, seed rate and follow-up. Free calculator with the formula shown."
https://huzaifamasood30.github.io/gardencalc/spring-garden-bed-checklist/,Spring Garden Bed Checklist: What to Do First,Spring Garden Bed Checklist: What to Do First,"A practical spring garden bed checklist in order: soil, compost, edging, mulch timing and planting, with quantities for each step.","A practical spring garden bed checklist in order: soil, compost, edging, mulch timing and planting, with quantities for each step. Free calculator with the formula shown."
https://huzaifamasood30.github.io/gardencalc/fall-lawn-fertilizer-timing/,Fall Lawn Fertilizer Timing: When and How Much,Fall Lawn Fertilizer Timing: When and How Much,"Feed cool-season lawns in early autumn and again in late autumn, about 1 lb of nitrogen per 1,000 sq ft each time. Timing and rates.","Feed cool-season lawns in early autumn and again in late autumn, about 1 lb of nitrogen per 1,000 sq ft each time. Timing and rates. Free calculator with the formula shown."
